Document Name,Document Path,Question
Applications.md,D:\dt-summer-corp\validation\RIS_docs\RIS User Documentation\Applications.md,When will applications for Compute2 be available?
Applications.md,D:\dt-summer-corp\validation\RIS_docs\RIS User Documentation\Applications.md,What is the difference between a RIS Developed Container and a Non-RIS Docker Image?
Applications.md,D:\dt-summer-corp\validation\RIS_docs\RIS User Documentation\Applications.md,How can I request a new application that is not on this list?
Compute Workshops.md,D:\dt-summer-corp\validation\RIS_docs\RIS User Documentation\Compute Workshops.md,Where can I find a schedule for upcoming workshops?
Compute Workshops.md,D:\dt-summer-corp\validation\RIS_docs\RIS User Documentation\Compute Workshops.md,How can I be notified when new workshops are announced?
Compute Workshops.md,D:\dt-summer-corp\validation\RIS_docs\RIS User Documentation\Compute Workshops.md,Are recordings or slides available for the previous workshops?
Compute1.md,D:\dt-summer-corp\validation\RIS_docs\RIS User Documentation\Compute1.md,I need to install custom software. Should I use Docker or create a Conda environment?
Compute1.md,D:\dt-summer-corp\validation\RIS_docs\RIS User Documentation\Compute1.md,Where can I find a basic example of how to submit a job?
Compute1.md,D:\dt-summer-corp\validation\RIS_docs\RIS User Documentation\Compute1.md,"How can I see what types of hardware (e.g., GPUs, high-memory nodes) are available?"
Compute2.md,D:\dt-summer-corp\validation\RIS_docs\RIS User Documentation\Compute2.md,How do I submit a batch job instead of an interactive one?
Compute2.md,D:\dt-summer-corp\validation\RIS_docs\RIS User Documentation\Compute2.md,What are the available partitions or queues and what are their resource limits?
Compute2.md,D:\dt-summer-corp\validation\RIS_docs\RIS User Documentation\Compute2.md,How can I install my own software or request a new application to be installed?
Docker.md,D:\dt-summer-corp\validation\RIS_docs\RIS User Documentation\Docker.md,Where do I start if I'm new to Docker?
Docker.md,D:\dt-summer-corp\validation\RIS_docs\RIS User Documentation\Docker.md,"How do I install packages for a language other than Python, like R or Java?"
Docker.md,D:\dt-summer-corp\validation\RIS_docs\RIS User Documentation\Docker.md,"I've built my Docker image, where can I run it?"
FAQ.md,D:\dt-summer-corp\validation\RIS_docs\RIS User Documentation\FAQ.md,How much do RIS services cost and where can I find a price list?
FAQ.md,D:\dt-summer-corp\validation\RIS_docs\RIS User Documentation\FAQ.md,I'm not sure where to store my files. What is the difference between my home directory and my storage allocation?
FAQ.md,D:\dt-summer-corp\validation\RIS_docs\RIS User Documentation\FAQ.md,What is the best way to share data with a collaborator from another university?
Requesting RIS Services.md,D:\dt-summer-corp\validation\RIS_docs\RIS User Documentation\Requesting RIS Services.md,What is the difference between the Active and Archive storage tiers?
Requesting RIS Services.md,D:\dt-summer-corp\validation\RIS_docs\RIS User Documentation\Requesting RIS Services.md,How do I decide between 'Consumption' and 'Subscription' billing for data storage?
Requesting RIS Services.md,D:\dt-summer-corp\validation\RIS_docs\RIS User Documentation\Requesting RIS Services.md,"Which compute model (General, Subscription, or Consumption) is right for my project?"
Research Applications and Services.md,D:\dt-summer-corp\validation\RIS_docs\RIS User Documentation\Research Applications and Services.md,How do I request access to one of the supported applications?
Research Applications and Services.md,D:\dt-summer-corp\validation\RIS_docs\RIS User Documentation\Research Applications and Services.md,How can I access these services if I am working from off-campus?
Research Applications and Services.md,D:\dt-summer-corp\validation\RIS_docs\RIS User Documentation\Research Applications and Services.md,Who should I contact if I need support for one of these applications?
RIS Services Policies.md,D:\dt-summer-corp\validation\RIS_docs\RIS User Documentation\RIS Services Policies.md,What skills and software are required to use the Compute1 scientific compute platform?
RIS Services Policies.md,D:\dt-summer-corp\validation\RIS_docs\RIS User Documentation\RIS Services Policies.md,When should I use the general queue versus the general-interactive queue?
RIS Services Policies.md,D:\dt-summer-corp\validation\RIS_docs\RIS User Documentation\RIS Services Policies.md,"What is the difference between my $HOME directory, scratch space, and the storage platform, and which should I use for my important data?"
RIS User Documentation.md,D:\dt-summer-corp\validation\RIS_docs\RIS User Documentation\RIS User Documentation.md,I'm not comfortable with the command line. Is there a graphical interface I can use to run jobs?
RIS User Documentation.md,D:\dt-summer-corp\validation\RIS_docs\RIS User Documentation\RIS User Documentation.md,"How do I find and use a specific software application, like R or Python, on the compute platform?"
RIS User Documentation.md,D:\dt-summer-corp\validation\RIS_docs\RIS User Documentation\RIS User Documentation.md,How can I connect to my RIS storage folder from my personal Windows or Mac computer?
SSH Private-Public Key Pair.md,D:\dt-summer-corp\validation\RIS_docs\RIS User Documentation\SSH Private-Public Key Pair.md,How do I perform these steps on a Windows computer?
SSH Private-Public Key Pair.md,D:\dt-summer-corp\validation\RIS_docs\RIS User Documentation\SSH Private-Public Key Pair.md,I already have a default SSH key (`~/.ssh/id_rsa`). Can I use that one instead of creating a new one?
SSH Private-Public Key Pair.md,D:\dt-summer-corp\validation\RIS_docs\RIS User Documentation\SSH Private-Public Key Pair.md,"I followed all the steps, but I'm still being prompted for my password when I connect. What could be wrong?"
Storage Platforms.md,D:\dt-summer-corp\validation\RIS_docs\RIS User Documentation\Storage Platforms.md,My storage quota seems wrong when I check it from the compute cluster. How do I get an accurate report of my remaining space?
Storage Platforms.md,D:\dt-summer-corp\validation\RIS_docs\RIS User Documentation\Storage Platforms.md,"How can I set up a folder for my project that specific people can write to, while others only have read-only access?"
Storage Platforms.md,D:\dt-summer-corp\validation\RIS_docs\RIS User Documentation\Storage Platforms.md,What is the recommended way to move my data from the Active tier to the Archive tier for long-term storage?
Compute1 Applications.md,D:\dt-summer-corp\validation\RIS_docs\RIS User Documentation\Applications\Compute1 Applications.md,What is the difference between a THPC installed application and an RIS developed container?
Compute1 Applications.md,D:\dt-summer-corp\validation\RIS_docs\RIS User Documentation\Applications\Compute1 Applications.md,How do I use or load one of the applications listed here?
Compute1 Applications.md,D:\dt-summer-corp\validation\RIS_docs\RIS User Documentation\Applications\Compute1 Applications.md,What if the software I need is not on either of these lists?
Compute2 Applications.md,D:\dt-summer-corp\validation\RIS_docs\RIS User Documentation\Applications\Compute2 Applications.md,"How do I load one of the listed applications, like Python or R, into my environment?"
Compute2 Applications.md,D:\dt-summer-corp\validation\RIS_docs\RIS User Documentation\Applications\Compute2 Applications.md,"How can I see all the available versions for a specific module, like gcc or Python?"
Compute2 Applications.md,D:\dt-summer-corp\validation\RIS_docs\RIS User Documentation\Applications\Compute2 Applications.md,What is the process for requesting new software that is not included on this list?
Non-RIS Docker Images.md,D:\dt-summer-corp\validation\RIS_docs\RIS User Documentation\Applications\Non-RIS Docker Images.md,Why are these non-RIS images provided if the document recommends using the more secure RIS-hosted images?
Non-RIS Docker Images.md,D:\dt-summer-corp\validation\RIS_docs\RIS User Documentation\Applications\Non-RIS Docker Images.md,"The document lists a specific version for an application, but I need to use a different one. How do I modify the command to pull another version?"
Non-RIS Docker Images.md,D:\dt-summer-corp\validation\RIS_docs\RIS User Documentation\Applications\Non-RIS Docker Images.md,"I copied an example command, but it's not working. What do I need to replace `${group_name}` with?"
RIS Developed Containers.md,D:\dt-summer-corp\validation\RIS_docs\RIS User Documentation\Applications\Compute1 Applications\RIS Developed Containers.md,How do I access and run one of the RIS-maintained Docker images?
RIS Developed Containers.md,D:\dt-summer-corp\validation\RIS_docs\RIS User Documentation\Applications\Compute1 Applications\RIS Developed Containers.md,"What is the difference between a ""Hosted and Maintained"" image and one that is ""Developed But Not Maintained""?"
RIS Developed Containers.md,D:\dt-summer-corp\validation\RIS_docs\RIS User Documentation\Applications\Compute1 Applications\RIS Developed Containers.md,My application isn't on this list. Can I request a new container to be developed?
THPC Installed Applications.md,D:\dt-summer-corp\validation\RIS_docs\RIS User Documentation\Applications\Compute1 Applications\THPC Installed Applications.md,What should I do if the software I need isn't on this list?
THPC Installed Applications.md,D:\dt-summer-corp\validation\RIS_docs\RIS User Documentation\Applications\Compute1 Applications\THPC Installed Applications.md,What does the asterisk (*) next to some application names mean?
THPC Installed Applications.md,D:\dt-summer-corp\validation\RIS_docs\RIS User Documentation\Applications\Compute1 Applications\THPC Installed Applications.md,How do I run or load one of these listed applications?
AFNI_TORTOISE.md,D:\dt-summer-corp\validation\RIS_docs\RIS User Documentation\Applications\Compute1 Applications\RIS Developed Containers\AFNI_TORTOISE.md,Can I use the AFNI graphical user interface (GUI) with this container?
AFNI_TORTOISE.md,D:\dt-summer-corp\validation\RIS_docs\RIS User Documentation\Applications\Compute1 Applications\RIS Developed Containers\AFNI_TORTOISE.md,"Do I need to perform the ""Initial Setup"" every time I want to run a job?"
AFNI_TORTOISE.md,D:\dt-summer-corp\validation\RIS_docs\RIS User Documentation\Applications\Compute1 Applications\RIS Developed Containers\AFNI_TORTOISE.md,How can I run a script as a non-interactive batch job?
AlphaFold.md,D:\dt-summer-corp\validation\RIS_docs\RIS User Documentation\Applications\Compute1 Applications\RIS Developed Containers\AlphaFold.md,How do I modify the example command to use the full database (`full_dbs`) or predict a multimer model?
AlphaFold.md,D:\dt-summer-corp\validation\RIS_docs\RIS User Documentation\Applications\Compute1 Applications\RIS Developed Containers\AlphaFold.md,The example requests 8 CPUs and 8GB of memory. How do I determine the appropriate resource allocation for my specific protein?
AlphaFold.md,D:\dt-summer-corp\validation\RIS_docs\RIS User Documentation\Applications\Compute1 Applications\RIS Developed Containers\AlphaFold.md,How do I correctly set the input (`--fasta_paths`) and output (`--output_dir`) paths for my job?
cisTEM.md,D:\dt-summer-corp\validation\RIS_docs\RIS User Documentation\Applications\Compute1 Applications\RIS Developed Containers\cisTEM.md,"For the PASSWORD environment variable, should I set my own password or use the literal word ""password""?"
cisTEM.md,D:\dt-summer-corp\validation\RIS_docs\RIS User Documentation\Applications\Compute1 Applications\RIS Developed Containers\cisTEM.md,"After launching the job in Open On Demand, where do I run the `cisTEM` command to start the software?"
cisTEM.md,D:\dt-summer-corp\validation\RIS_docs\RIS User Documentation\Applications\Compute1 Applications\RIS Developed Containers\cisTEM.md,"The document provides the Docker image location under the ""Dockerfile"" heading. Where can I find the actual Dockerfile used to build this image?"
fsl6.md,D:\dt-summer-corp\validation\RIS_docs\RIS User Documentation\Applications\Compute1 Applications\RIS Developed Containers\fsl6.md,What is the difference between the `fsl6` and `fsl6_min` Docker images?
fsl6.md,D:\dt-summer-corp\validation\RIS_docs\RIS User Documentation\Applications\Compute1 Applications\RIS Developed Containers\fsl6.md,How do I access my data files from within the FSL container?
fsl6.md,D:\dt-summer-corp\validation\RIS_docs\RIS User Documentation\Applications\Compute1 Applications\RIS Developed Containers\fsl6.md,Can you provide a complete example of a non-interactive command to run an FSL tool like BET on a file?
Globus CLI.md,D:\dt-summer-corp\validation\RIS_docs\RIS User Documentation\Applications\Compute1 Applications\RIS Developed Containers\Globus CLI.md,Why am I getting a `PermissionError` when I try to run a Globus command?
Globus CLI.md,D:\dt-summer-corp\validation\RIS_docs\RIS User Documentation\Applications\Compute1 Applications\RIS Developed Containers\Globus CLI.md,Do I need to keep my interactive job running while my files are transferring?
Globus CLI.md,D:\dt-summer-corp\validation\RIS_docs\RIS User Documentation\Applications\Compute1 Applications\RIS Developed Containers\Globus CLI.md,How do I correctly start an interactive job with this container and ensure my environment variables are set properly?
Globus Connect Personal.md,D:\dt-summer-corp\validation\RIS_docs\RIS User Documentation\Applications\Compute1 Applications\RIS Developed Containers\Globus Connect Personal.md,What should I do if I forgot which compute node I ran the initial setup on?
Globus Connect Personal.md,D:\dt-summer-corp\validation\RIS_docs\RIS User Documentation\Applications\Compute1 Applications\RIS Developed Containers\Globus Connect Personal.md,"How do I make multiple directories accessible to Globus, not just the single one in the example?"
Globus Connect Personal.md,D:\dt-summer-corp\validation\RIS_docs\RIS User Documentation\Applications\Compute1 Applications\RIS Developed Containers\Globus Connect Personal.md,"Must I always run the client on the exact same compute node that I used for the initial setup, and what if that node is unavailable?"
Huygens.md,D:\dt-summer-corp\validation\RIS_docs\RIS User Documentation\Applications\Compute1 Applications\RIS Developed Containers\Huygens.md,How do I configure Huygens to use my license file and avoid running in freeware mode?
Huygens.md,D:\dt-summer-corp\validation\RIS_docs\RIS User Documentation\Applications\Compute1 Applications\RIS Developed Containers\Huygens.md,How do I access my own image files from within the Huygens application?
Huygens.md,D:\dt-summer-corp\validation\RIS_docs\RIS User Documentation\Applications\Compute1 Applications\RIS Developed Containers\Huygens.md,Can I run the command-line version (hucore) as a non-interactive batch job?
IBM Aspera.md,D:\dt-summer-corp\validation\RIS_docs\RIS User Documentation\Applications\Compute1 Applications\RIS Developed Containers\IBM Aspera.md,"Where do I get the ""Provided Password"" and the `aspera_key` file?"
IBM Aspera.md,D:\dt-summer-corp\validation\RIS_docs\RIS User Documentation\Applications\Compute1 Applications\RIS Developed Containers\IBM Aspera.md,The example `ascp` command appears to be for uploading a file. How would I modify this to download a file instead?
IBM Aspera.md,D:\dt-summer-corp\validation\RIS_docs\RIS User Documentation\Applications\Compute1 Applications\RIS Developed Containers\IBM Aspera.md,Can you provide an example of a script to transfer multiple files in a loop?
Integrative Genomics Viewer.md,D:\dt-summer-corp\validation\RIS_docs\RIS User Documentation\Applications\Compute1 Applications\RIS Developed Containers\Integrative Genomics Viewer.md,"In the `bsub` command, what should I use for the `location-of-docker-image`?"
Integrative Genomics Viewer.md,D:\dt-summer-corp\validation\RIS_docs\RIS User Documentation\Applications\Compute1 Applications\RIS Developed Containers\Integrative Genomics Viewer.md,How can I modify the Dockerfile to use a different version of IGV?
Integrative Genomics Viewer.md,D:\dt-summer-corp\validation\RIS_docs\RIS User Documentation\Applications\Compute1 Applications\RIS Developed Containers\Integrative Genomics Viewer.md,My `bsub` command is failing with an error about user groups. What should I do?
Intel® Compiler Base.md,D:\dt-summer-corp\validation\RIS_docs\RIS User Documentation\Applications\Compute1 Applications\RIS Developed Containers\Intel® Compiler Base.md,"Why can't I find the Intel compilers (e.g., `icc`, `ifx`, `ifort`) after starting an interactive session?"
Intel® Compiler Base.md,D:\dt-summer-corp\validation\RIS_docs\RIS User Documentation\Applications\Compute1 Applications\RIS Developed Containers\Intel® Compiler Base.md,What are the main advantages of using a multi-stage build over a single-stage build for my application?
Intel® Compiler Base.md,D:\dt-summer-corp\validation\RIS_docs\RIS User Documentation\Applications\Compute1 Applications\RIS Developed Containers\Intel® Compiler Base.md,"My application compiled successfully, but when I run the final multi-stage image, I get a ""shared library not found"" error. What should I check?"
MATLAB.md,D:\dt-summer-corp\validation\RIS_docs\RIS User Documentation\Applications\Compute1 Applications\RIS Developed Containers\MATLAB.md,How can I load a specific version of MATLAB?
MATLAB.md,D:\dt-summer-corp\validation\RIS_docs\RIS User Documentation\Applications\Compute1 Applications\RIS Developed Containers\MATLAB.md,What is the difference between launching MATLAB via the `Matlab` application versus the `Compute RIS Desktop` application?
MATLAB.md,D:\dt-summer-corp\validation\RIS_docs\RIS User Documentation\Applications\Compute1 Applications\RIS Developed Containers\MATLAB.md,Do I need to know Docker to follow the Quick Start instructions for an interactive session?
Nextflow.md,D:\dt-summer-corp\validation\RIS_docs\RIS User Documentation\Applications\Compute1 Applications\RIS Developed Containers\Nextflow.md,"My command-line job is failing with a ""file not found"" error. How do I correctly set the `LSF_DOCKER_VOLUMES` variable for my project?"
Nextflow.md,D:\dt-summer-corp\validation\RIS_docs\RIS User Documentation\Applications\Compute1 Applications\RIS Developed Containers\Nextflow.md,"In the example config file, what do I need to change in the `clusterOptions` line to run jobs using my own compute group?"
Nextflow.md,D:\dt-summer-corp\validation\RIS_docs\RIS User Documentation\Applications\Compute1 Applications\RIS Developed Containers\Nextflow.md,"The example config file shows `docker(quay.io/...)`. Can I use a pipeline that pulls its containers from a different repository, like Docker Hub?"
noVNC.md,D:\dt-summer-corp\validation\RIS_docs\RIS User Documentation\Applications\Compute1 Applications\RIS Developed Containers\noVNC.md,How do I install my own software into this environment?
noVNC.md,D:\dt-summer-corp\validation\RIS_docs\RIS User Documentation\Applications\Compute1 Applications\RIS Developed Containers\noVNC.md,"The document shows `PASSWORD=password`. Should I use the literal word 'password', or can I set my own?"
noVNC.md,D:\dt-summer-corp\validation\RIS_docs\RIS User Documentation\Applications\Compute1 Applications\RIS Developed Containers\noVNC.md,"What is the difference between the `runtime` and `devel` CUDA image tags, and which one should I choose?"
Parabricks.md,D:\dt-summer-corp\validation\RIS_docs\RIS User Documentation\Applications\Compute1 Applications\RIS Developed Containers\Parabricks.md,How do I determine the correct number of cores and amount of memory to request for my job?
Parabricks.md,D:\dt-summer-corp\validation\RIS_docs\RIS User Documentation\Applications\Compute1 Applications\RIS Developed Containers\Parabricks.md,"How do I apply the fix for the `NVIDIA_VISIBLE_DEVICES` issue mentioned in the ""Known Issues"" section?"
Parabricks.md,D:\dt-summer-corp\validation\RIS_docs\RIS User Documentation\Applications\Compute1 Applications\RIS Developed Containers\Parabricks.md,"What are the available `pbrun` commands, and where can I find details on their specific options?"
Parallel Tar.md,D:\dt-summer-corp\validation\RIS_docs\RIS User Documentation\Applications\Compute1 Applications\RIS Developed Containers\Parallel Tar.md,How should I choose the number of cores to request with `-n` and does it need to match the number of threads (`-t`)?
Parallel Tar.md,D:\dt-summer-corp\validation\RIS_docs\RIS User Documentation\Applications\Compute1 Applications\RIS Developed Containers\Parallel Tar.md,How can I set a custom name for the output archive instead of the default?
Parallel Tar.md,D:\dt-summer-corp\validation\RIS_docs\RIS User Documentation\Applications\Compute1 Applications\RIS Developed Containers\Parallel Tar.md,"After creating the archive, what command do I use to extract its contents?"
RELION.md,D:\dt-summer-corp\validation\RIS_docs\RIS User Documentation\Applications\Compute1 Applications\RIS Developed Containers\RELION.md,The document lists two different Docker image paths. Which one should I use?
RELION.md,D:\dt-summer-corp\validation\RIS_docs\RIS User Documentation\Applications\Compute1 Applications\RIS Developed Containers\RELION.md,"For the PASSWORD environment variable, should I replace 'password' with my own password?"
RELION.md,D:\dt-summer-corp\validation\RIS_docs\RIS User Documentation\Applications\Compute1 Applications\RIS Developed Containers\RELION.md,How do I access my data files once the interactive session has started?
RFdiffusion.md,D:\dt-summer-corp\validation\RIS_docs\RIS User Documentation\Applications\Compute1 Applications\RIS Developed Containers\RFdiffusion.md,How do I access the pre-downloaded RFdiffusion models for my job?
RFdiffusion.md,D:\dt-summer-corp\validation\RIS_docs\RIS User Documentation\Applications\Compute1 Applications\RIS Developed Containers\RFdiffusion.md,What specific fields in the example `bsub` command must I change for my own analysis?
RFdiffusion.md,D:\dt-summer-corp\validation\RIS_docs\RIS User Documentation\Applications\Compute1 Applications\RIS Developed Containers\RFdiffusion.md,Why is my job failing if the only thing I've configured is the path to the provided models?
RoseTTAFold All-Atom.md,D:\dt-summer-corp\validation\RIS_docs\RIS User Documentation\Applications\Compute1 Applications\RIS Developed Containers\RoseTTAFold All-Atom.md,How do I configure the YAML file if I only have a protein sequence and no small molecule?
RoseTTAFold All-Atom.md,D:\dt-summer-corp\validation\RIS_docs\RIS User Documentation\Applications\Compute1 Applications\RIS Developed Containers\RoseTTAFold All-Atom.md,How much memory and how many CPU slots should I request for my job?
RoseTTAFold All-Atom.md,D:\dt-summer-corp\validation\RIS_docs\RIS User Documentation\Applications\Compute1 Applications\RIS Developed Containers\RoseTTAFold All-Atom.md,"My job is failing with a ""file not found"" error, but I've set the `INPUT_PATH`. What else do I need to check?"
Rstudio.md,D:\dt-summer-corp\validation\RIS_docs\RIS User Documentation\Applications\Compute1 Applications\RIS Developed Containers\Rstudio.md,How do I install R packages so they are saved permanently and I don't have to reinstall them every time I start a new session?
Rstudio.md,D:\dt-summer-corp\validation\RIS_docs\RIS User Documentation\Applications\Compute1 Applications\RIS Developed Containers\Rstudio.md,"I tried to install a package and it failed because of a missing system dependency, like `libcurl` or `libssl`. How do I fix this?"
Rstudio.md,D:\dt-summer-corp\validation\RIS_docs\RIS User Documentation\Applications\Compute1 Applications\RIS Developed Containers\Rstudio.md,"What is the difference between launching RStudio through the ""RStudio"" interactive app versus the ""Custom noVNC Image"" app in Open On Demand?"
SAS.md,D:\dt-summer-corp\validation\RIS_docs\RIS User Documentation\Applications\Compute1 Applications\RIS Developed Containers\SAS.md,What is the difference between launching SAS through the dedicated `SAS` application versus the `Compute RIS Desktop`?
SAS.md,D:\dt-summer-corp\validation\RIS_docs\RIS User Documentation\Applications\Compute1 Applications\RIS Developed Containers\SAS.md,The document shows how to list available SAS versions; how do I load a specific version instead of the default?
SAS.md,D:\dt-summer-corp\validation\RIS_docs\RIS User Documentation\Applications\Compute1 Applications\RIS Developed Containers\SAS.md,How do I run a SAS program as a non-interactive batch job?
Stata.md,D:\dt-summer-corp\validation\RIS_docs\RIS User Documentation\Applications\Compute1 Applications\RIS Developed Containers\Stata.md,"I only have a serial number and activation key from Stata, not a `stata.lic` file. How do I create the license file needed to run a job?"
Stata.md,D:\dt-summer-corp\validation\RIS_docs\RIS User Documentation\Applications\Compute1 Applications\RIS Developed Containers\Stata.md,What specific values do I need to enter in Open On Demand to launch a Stata GUI session?
Stata.md,D:\dt-summer-corp\validation\RIS_docs\RIS User Documentation\Applications\Compute1 Applications\RIS Developed Containers\Stata.md,I have licenses for multiple versions of Stata. How do I make sure my job uses the correct one?
TensorFlow.md,D:\dt-summer-corp\validation\RIS_docs\RIS User Documentation\Applications\Compute1 Applications\RIS Developed Containers\TensorFlow.md,How do I use my own custom-built TensorFlow image in an interactive session?
TensorFlow.md,D:\dt-summer-corp\validation\RIS_docs\RIS User Documentation\Applications\Compute1 Applications\RIS Developed Containers\TensorFlow.md,Can I install more Python packages temporarily without having to build a new Docker image?
TensorFlow.md,D:\dt-summer-corp\validation\RIS_docs\RIS User Documentation\Applications\Compute1 Applications\RIS Developed Containers\TensorFlow.md,What if I need a version of TensorFlow that isn't listed as available?
THPC.md,D:\dt-summer-corp\validation\RIS_docs\RIS User Documentation\Applications\Compute1 Applications\RIS Developed Containers\THPC.md,The software I need is not available as a module. How can I install or request it?
THPC.md,D:\dt-summer-corp\validation\RIS_docs\RIS User Documentation\Applications\Compute1 Applications\RIS Developed Containers\THPC.md,How do I find out which `THPC_BUILD` versions are available and compatible with the hardware I want to use?
THPC.md,D:\dt-summer-corp\validation\RIS_docs\RIS User Documentation\Applications\Compute1 Applications\RIS Developed Containers\THPC.md,What is the simplest way to start a THPC session if I'm not familiar with all the command-line options?
Web Development Container.md,D:\dt-summer-corp\validation\RIS_docs\RIS User Documentation\Applications\Compute1 Applications\RIS Developed Containers\Web Development Container.md,What value should I use for `location-of-docker-image` in the `bsub` command?
Web Development Container.md,D:\dt-summer-corp\validation\RIS_docs\RIS User Documentation\Applications\Compute1 Applications\RIS Developed Containers\Web Development Container.md,"How can I set a password for the MariaDB 'root' user, since it has no password by default?"
Web Development Container.md,D:\dt-summer-corp\validation\RIS_docs\RIS User Documentation\Applications\Compute1 Applications\RIS Developed Containers\Web Development Container.md,My website files are not in the example path. How do I correctly set the `LSF_DOCKER_VOLUMES` variable to point to my own project directory?
Compute2 Nextflow.md,D:\dt-summer-corp\validation\RIS_docs\RIS User Documentation\Applications\Compute2 Applications\Compute2 Nextflow.md,How do I find my `allocation_name` for the scratch directory path?
Compute2 Nextflow.md,D:\dt-summer-corp\validation\RIS_docs\RIS User Documentation\Applications\Compute2 Applications\Compute2 Nextflow.md,The guide says to run Nextflow inside a job. What would an example SLURM submission script look like?
Compute2 Nextflow.md,D:\dt-summer-corp\validation\RIS_docs\RIS User Documentation\Applications\Compute2 Applications\Compute2 Nextflow.md,Can I use a different pipeline besides the `nf-core/rnaseq` example?
Compute2 Podman.md,D:\dt-summer-corp\validation\RIS_docs\RIS User Documentation\Applications\Compute2 Applications\Compute2 Podman.md,Why is my home2 directory filling up when I use Podman?
Compute2 Podman.md,D:\dt-summer-corp\validation\RIS_docs\RIS User Documentation\Applications\Compute2 Applications\Compute2 Podman.md,What happens to my container images and the Podman VM after my SLURM job ends?
Compute2 Podman.md,D:\dt-summer-corp\validation\RIS_docs\RIS User Documentation\Applications\Compute2 Applications\Compute2 Podman.md,Do I need to run `podman machine init` and `podman machine start` every time I begin a new SLURM session?
Nvidia Workshop - September 2020.md,D:\dt-summer-corp\validation\RIS_docs\RIS User Documentation\Compute Workshops\Nvidia Workshop - September 2020.md,"The workshop is over, how can I run a similar GPU job now?"
Nvidia Workshop - September 2020.md,D:\dt-summer-corp\validation\RIS_docs\RIS User Documentation\Compute Workshops\Nvidia Workshop - September 2020.md,How do I choose a port number for the JPORT variable?
Nvidia Workshop - September 2020.md,D:\dt-summer-corp\validation\RIS_docs\RIS User Documentation\Compute Workshops\Nvidia Workshop - September 2020.md,"I ran the command successfully, but I'm not on campus or the VPN. How do I connect to my session?"
RIS Compute Seminars from April 2020.md,D:\dt-summer-corp\validation\RIS_docs\RIS User Documentation\Compute Workshops\RIS Compute Seminars from April 2020.md,Are more recent versions of these seminars or any upcoming live workshops available?
RIS Compute Seminars from April 2020.md,D:\dt-summer-corp\validation\RIS_docs\RIS User Documentation\Compute Workshops\RIS Compute Seminars from April 2020.md,Are the presentation slides or code examples from these seminars available for download?
RIS Compute Seminars from April 2020.md,D:\dt-summer-corp\validation\RIS_docs\RIS User Documentation\Compute Workshops\RIS Compute Seminars from April 2020.md,Is there a recommended order to watch these seminars for a beginner?
RIS Compute Seminars From Fall 2021.md,D:\dt-summer-corp\validation\RIS_docs\RIS User Documentation\Compute Workshops\RIS Compute Seminars From Fall 2021.md,"Will these workshops be offered again, and where can I find the schedule for upcoming sessions?"
RIS Compute Seminars From Fall 2021.md,D:\dt-summer-corp\validation\RIS_docs\RIS User Documentation\Compute Workshops\RIS Compute Seminars From Fall 2021.md,Is there a recommended order to view these workshops for someone new to the RIS platform?
RIS Compute Seminars From Fall 2021.md,D:\dt-summer-corp\validation\RIS_docs\RIS User Documentation\Compute Workshops\RIS Compute Seminars From Fall 2021.md,I've watched a recording but still have questions about my own project. Where can I get further assistance?
Access Storage Volumes.md,D:\dt-summer-corp\validation\RIS_docs\RIS User Documentation\Compute1\Access Storage Volumes.md,My job can't find my data files in /storage1 or /scratch1. How do I make them available to my job?
Access Storage Volumes.md,D:\dt-summer-corp\validation\RIS_docs\RIS User Documentation\Compute1\Access Storage Volumes.md,"I just finished a job that wrote files to my /storage1 directory, but I don't see the new files when I connect from my computer. Where are they?"
Access Storage Volumes.md,D:\dt-summer-corp\validation\RIS_docs\RIS User Documentation\Compute1\Access Storage Volumes.md,"What is the difference between scratch space and storage space, and when should I use each one?"
Compute1 Condo and Subscription Queues.md,D:\dt-summer-corp\validation\RIS_docs\RIS User Documentation\Compute1\Compute1 Condo and Subscription Queues.md,Why did my job fail with an error that my user group does not match the queue type?
Compute1 Condo and Subscription Queues.md,D:\dt-summer-corp\validation\RIS_docs\RIS User Documentation\Compute1\Compute1 Condo and Subscription Queues.md,"How do I find the correct group name, condo name, or SLA name for my account?"
Compute1 Condo and Subscription Queues.md,D:\dt-summer-corp\validation\RIS_docs\RIS User Documentation\Compute1\Compute1 Condo and Subscription Queues.md,What happens if I submit a job to the subscription queue but request more CPUs or GPUs than my tier provides?
Compute1 Quickstart.md,D:\dt-summer-corp\validation\RIS_docs\RIS User Documentation\Compute1\Compute1 Quickstart.md,I only want to use the web-based Open On Demand (OOD). Do I still need to connect via SSH first?
Compute1 Quickstart.md,D:\dt-summer-corp\validation\RIS_docs\RIS User Documentation\Compute1\Compute1 Quickstart.md,"I'm trying to start an application in OOD, but I'm confused by the ""Mounts"" field. How do I find my storage allocation name and which `storageN` platform should I use?"
Compute1 Quickstart.md,D:\dt-summer-corp\validation\RIS_docs\RIS User Documentation\Compute1\Compute1 Quickstart.md,The application I need isn't listed on the Open On Demand main page. How can I see a full list of all available software?
Create Custom Conda Environment.md,D:\dt-summer-corp\validation\RIS_docs\RIS User Documentation\Compute1\Create Custom Conda Environment.md,How do I use my custom Conda environment in a non-interactive batch script?
Create Custom Conda Environment.md,D:\dt-summer-corp\validation\RIS_docs\RIS User Documentation\Compute1\Create Custom Conda Environment.md,My interactive session ended and now my Conda environment is gone. What went wrong?
Create Custom Conda Environment.md,D:\dt-summer-corp\validation\RIS_docs\RIS User Documentation\Compute1\Create Custom Conda Environment.md,Do I need to run the `ipykernel install` command every time I want to use my environment in a new Jupyter Lab session?
Docker and the RIS Compute1 Platform.md,D:\dt-summer-corp\validation\RIS_docs\RIS User Documentation\Compute1\Docker and the RIS Compute1 Platform.md,"My container works on my own machine, but on Compute1 it fails with a ""no such file or directory"" error. What's wrong?"
Docker and the RIS Compute1 Platform.md,D:\dt-summer-corp\validation\RIS_docs\RIS User Documentation\Compute1\Docker and the RIS Compute1 Platform.md,I'm used to running `docker run` with my own options like `-v` to mount volumes. Why doesn't that work here and what are the limitations?
Docker and the RIS Compute1 Platform.md,D:\dt-summer-corp\validation\RIS_docs\RIS User Documentation\Compute1\Docker and the RIS Compute1 Platform.md,How do I use my private Docker Hub repository to pull images for jobs or push new images that I build on the cluster?
Docker Wrapper Environment Variables.md,D:\dt-summer-corp\validation\RIS_docs\RIS User Documentation\Compute1\Docker Wrapper Environment Variables.md,How can I access my files from the host machine inside my Docker container?
Docker Wrapper Environment Variables.md,D:\dt-summer-corp\validation\RIS_docs\RIS User Documentation\Compute1\Docker Wrapper Environment Variables.md,My Docker image already has a default command. How do I run it without specifying a command to bsub?
Docker Wrapper Environment Variables.md,D:\dt-summer-corp\validation\RIS_docs\RIS User Documentation\Compute1\Docker Wrapper Environment Variables.md,"I'm trying to expose a port from my container, but it's not working. Are there any restrictions?"
Intel® Compiler Base Tutorial.md,D:\dt-summer-corp\validation\RIS_docs\RIS User Documentation\Compute1\Intel® Compiler Base Tutorial.md,"What's the difference between the multi-stage and single-stage build, and why is the multi-stage build recommended?"
Intel® Compiler Base Tutorial.md,D:\dt-summer-corp\validation\RIS_docs\RIS User Documentation\Compute1\Intel® Compiler Base Tutorial.md,"How do I modify the provided Dockerfile to compile my own C or MPI source code instead of the ""Hello World"" example?"
Intel® Compiler Base Tutorial.md,D:\dt-summer-corp\validation\RIS_docs\RIS User Documentation\Compute1\Intel® Compiler Base Tutorial.md,"Can I change the number of processors for my job, and how would I modify the `bsub` and `mpirun` commands to do so?"
Job Execution Examples.md,D:\dt-summer-corp\validation\RIS_docs\RIS User Documentation\Compute1\Job Execution Examples.md,"How do I request specific resources for my job, like more memory or a GPU?"
Job Execution Examples.md,D:\dt-summer-corp\validation\RIS_docs\RIS User Documentation\Compute1\Job Execution Examples.md,My job can't find my files. How do I make my data in `/storage1` and `/scratch1` available to my container?
Job Execution Examples.md,D:\dt-summer-corp\validation\RIS_docs\RIS User Documentation\Compute1\Job Execution Examples.md,"I submitted hundreds of jobs, but why are only a few of them running at the same time?"
Local VNC Viewer.md,D:\dt-summer-corp\validation\RIS_docs\RIS User Documentation\Compute1\Local VNC Viewer.md,Is there a way for me to connect using my Windows computer?
Local VNC Viewer.md,D:\dt-summer-corp\validation\RIS_docs\RIS User Documentation\Compute1\Local VNC Viewer.md,The guide provides installation commands for MacOS. How do I install the required software on Linux?
Local VNC Viewer.md,D:\dt-summer-corp\validation\RIS_docs\RIS User Documentation\Compute1\Local VNC Viewer.md,"I ran the `LaunchDesktop` file, but the terminal window closed immediately without giving me a command to copy. What should I do?"
Open OnDemand.md,D:\dt-summer-corp\validation\RIS_docs\RIS User Documentation\Compute1\Open OnDemand.md,I'm getting an error when I try to log into Open OnDemand for the first time. What is the most common reason for this?
Open OnDemand.md,D:\dt-summer-corp\validation\RIS_docs\RIS User Documentation\Compute1\Open OnDemand.md,The 'Files' app only shows my home directory. How do I access my data on storage1 or scratch1?
Open OnDemand.md,D:\dt-summer-corp\validation\RIS_docs\RIS User Documentation\Compute1\Open OnDemand.md,"My interactive session has been in the ""Queued"" status for a long time. Is this normal?"
Parallel Computing.md,D:\dt-summer-corp\validation\RIS_docs\RIS User Documentation\Compute1\Parallel Computing.md,What happens if I request more than the suggested 10 GPUs?
Parallel Computing.md,D:\dt-summer-corp\validation\RIS_docs\RIS User Documentation\Compute1\Parallel Computing.md,"For MPI jobs, what happens if I forget to set the `LSF_DOCKER_NETWORK` and `LSF_DOCKER_IPC` environment variables?"
Parallel Computing.md,D:\dt-summer-corp\validation\RIS_docs\RIS User Documentation\Compute1\Parallel Computing.md,How can I find out what types of GPUs are available in the cluster to use with the `gmodel` option?
Port Forwarding.md,D:\dt-summer-corp\validation\RIS_docs\RIS User Documentation\Compute1\Port Forwarding.md,How do I find which execution node my job is running on?
Port Forwarding.md,D:\dt-summer-corp\validation\RIS_docs\RIS User Documentation\Compute1\Port Forwarding.md,"Is the remote port always 8901, or how can I find the correct port for my application?"
Port Forwarding.md,D:\dt-summer-corp\validation\RIS_docs\RIS User Documentation\Compute1\Port Forwarding.md,"I followed the steps, but my browser says the connection was refused. What are common reasons for this?"
R Tutorial.md,D:\dt-summer-corp\validation\RIS_docs\RIS User Documentation\Compute1\R Tutorial.md,I tried building a Docker image with a different R package and it failed. How do I figure out which system libraries (`apt-get install`) it needs?
R Tutorial.md,D:\dt-summer-corp\validation\RIS_docs\RIS User Documentation\Compute1\R Tutorial.md,The tutorial shows how to create phenotype data from scratch. How do I load my own existing metadata file for the DESeq2 analysis?
R Tutorial.md,D:\dt-summer-corp\validation\RIS_docs\RIS User Documentation\Compute1\R Tutorial.md,Can I use the custom Docker image I built with my specific packages in an RStudio session instead of from the command line?
RTM.md,D:\dt-summer-corp\validation\RIS_docs\RIS User Documentation\Compute1\RTM.md,My job is stuck in a pending state. Where in RTM can I find the reason why?
RTM.md,D:\dt-summer-corp\validation\RIS_docs\RIS User Documentation\Compute1\RTM.md,"What is the difference between 'Max Slots', 'Num Slots', and 'Run Slots' on the Cluster Dashboard?"
RTM.md,D:\dt-summer-corp\validation\RIS_docs\RIS User Documentation\Compute1\RTM.md,I don't see my specific software license on the License Dashboard. How can I check if it's available?
Software Development Using Compute1.md,D:\dt-summer-corp\validation\RIS_docs\RIS User Documentation\Compute1\Software Development Using Compute1.md,Can I follow this process for other programming languages like Python or R?
Software Development Using Compute1.md,D:\dt-summer-corp\validation\RIS_docs\RIS User Documentation\Compute1\Software Development Using Compute1.md,The document says not to put `LSF_DOCKER_VOLUMES` in my `.bash_profile`. What is the recommended way to define it for my jobs?
Software Development Using Compute1.md,D:\dt-summer-corp\validation\RIS_docs\RIS User Documentation\Compute1\Software Development Using Compute1.md,How do I modify the Dockerfile to install my own software dependencies instead of just `git`?
Space Management.md,D:\dt-summer-corp\validation\RIS_docs\RIS User Documentation\Compute1\Space Management.md,How do I get my data into my home or scratch directory to run a job?
Space Management.md,D:\dt-summer-corp\validation\RIS_docs\RIS User Documentation\Compute1\Space Management.md,Why do the `df` command and my mounted network drive show different amounts of used space for my storage allocation?
Space Management.md,D:\dt-summer-corp\validation\RIS_docs\RIS User Documentation\Compute1\Space Management.md,"What is the correct command to check my usage and quota for my home directory, scratch space, and storage allocation?"
Using CUDA in Docker Images.md,D:\dt-summer-corp\validation\RIS_docs\RIS User Documentation\Compute1\Using CUDA in Docker Images.md,"Do I have to use CUDA 12.4, or can I use an older version for my application?"
Using CUDA in Docker Images.md,D:\dt-summer-corp\validation\RIS_docs\RIS User Documentation\Compute1\Using CUDA in Docker Images.md,Is there a simpler command than running the OSU benchmark to quickly verify that my Docker container can access the GPU?
Using CUDA in Docker Images.md,D:\dt-summer-corp\validation\RIS_docs\RIS User Documentation\Compute1\Using CUDA in Docker Images.md,"What NVIDIA driver version is installed on the compute nodes, and how does that affect which CUDA version I can use in my container?"
Using OFED in Docker Images.md,D:\dt-summer-corp\validation\RIS_docs\RIS User Documentation\Compute1\Using OFED in Docker Images.md,What should I do if my software requires a different OFED version than the one shown in the example?
Using OFED in Docker Images.md,D:\dt-summer-corp\validation\RIS_docs\RIS User Documentation\Compute1\Using OFED in Docker Images.md,Are there pre-built base images available that already include the correct OFED drivers?
Using OFED in Docker Images.md,D:\dt-summer-corp\validation\RIS_docs\RIS User Documentation\Compute1\Using OFED in Docker Images.md,The examples are for RedHat 8.9 and Ubuntu 22.04. What instructions should I use for a different Linux distribution?
Visual Studio Code on Compute1.md,D:\dt-summer-corp\validation\RIS_docs\RIS User Documentation\Compute1\Visual Studio Code on Compute1.md,I'm having trouble connecting to Compute1 and I'm sure my password is correct. What else could be wrong?
Visual Studio Code on Compute1.md,D:\dt-summer-corp\validation\RIS_docs\RIS User Documentation\Compute1\Visual Studio Code on Compute1.md,"After opening a terminal, can I run my analysis or code directly?"
Visual Studio Code on Compute1.md,D:\dt-summer-corp\validation\RIS_docs\RIS User Documentation\Compute1\Visual Studio Code on Compute1.md,"I've successfully connected, but how do I open my project folder to see my files?"
Batch Jobs (sbatch).md,D:\dt-summer-corp\validation\RIS_docs\RIS User Documentation\Compute2\Batch Jobs (sbatch).md,"How do I request multiple resources like CPUs, memory, and GPUs in the same job?"
Batch Jobs (sbatch).md,D:\dt-summer-corp\validation\RIS_docs\RIS User Documentation\Compute2\Batch Jobs (sbatch).md,How can I run a second job only after my first job has finished successfully?
Batch Jobs (sbatch).md,D:\dt-summer-corp\validation\RIS_docs\RIS User Documentation\Compute2\Batch Jobs (sbatch).md,I've created a job array; how can my script use the array index to process a different file for each task?
Compute2 General Guidelines.md,D:\dt-summer-corp\validation\RIS_docs\RIS User Documentation\Compute2\Compute2 General Guidelines.md,How do I use job arrays to efficiently run many small tasks?
Compute2 General Guidelines.md,D:\dt-summer-corp\validation\RIS_docs\RIS User Documentation\Compute2\Compute2 General Guidelines.md,How can I use the temporary `/tmp/` directory inside my Slurm job script?
Compute2 General Guidelines.md,D:\dt-summer-corp\validation\RIS_docs\RIS User Documentation\Compute2\Compute2 General Guidelines.md,What are the recommended methods for creating my own software environment for my jobs?
Compute2 MPI.md,D:\dt-summer-corp\validation\RIS_docs\RIS User Documentation\Compute2\Compute2 MPI.md,Do I need to specify the number of processes with an option like `-np` for `mpirun`?
Compute2 MPI.md,D:\dt-summer-corp\validation\RIS_docs\RIS User Documentation\Compute2\Compute2 MPI.md,"For Intel MPI, will I need to update the `I_MPI_PMI_LIBRARY` path when the Slurm version changes?"
Compute2 MPI.md,D:\dt-summer-corp\validation\RIS_docs\RIS User Documentation\Compute2\Compute2 MPI.md,Why do the examples use `srun` to launch `mpirun` instead of just using `mpirun` directly?
Compute2 Quickstart.md,D:\dt-summer-corp\validation\RIS_docs\RIS User Documentation\Compute2\Compute2 Quickstart.md,"What is the difference between `srun` and `sbatch`, and when should I use each one?"
Compute2 Quickstart.md,D:\dt-summer-corp\validation\RIS_docs\RIS User Documentation\Compute2\Compute2 Quickstart.md,How do I access my storage files and data when running my job inside a container?
Compute2 Quickstart.md,D:\dt-summer-corp\validation\RIS_docs\RIS User Documentation\Compute2\Compute2 Quickstart.md,How do I know which partition to use for my job?
Interactive Jobs (srun).md,D:\dt-summer-corp\validation\RIS_docs\RIS User Documentation\Compute2\Interactive Jobs (srun).md,"How do I start an interactive shell that has a specific amount of CPUs, memory, and a GPU?"
Interactive Jobs (srun).md,D:\dt-summer-corp\validation\RIS_docs\RIS User Documentation\Compute2\Interactive Jobs (srun).md,"What are the default resource allocations (like CPUs, memory, and time limit) if I don't specify them in my `srun` command?"
Interactive Jobs (srun).md,D:\dt-summer-corp\validation\RIS_docs\RIS User Documentation\Compute2\Interactive Jobs (srun).md,"How can I see which nodes have specific features, like 'amd' or 'intel' CPUs, before I submit my job?"
LSF to Slurm Translator.md,D:\dt-summer-corp\validation\RIS_docs\RIS User Documentation\Compute2\LSF to Slurm Translator.md,What should I do if a specific LSF command option I'm using isn't working with the translator?
LSF to Slurm Translator.md,D:\dt-summer-corp\validation\RIS_docs\RIS User Documentation\Compute2\LSF to Slurm Translator.md,The documentation mentions the translator is 'use at your own risk'. How can I verify my LSF command is being translated correctly before running it?
LSF to Slurm Translator.md,D:\dt-summer-corp\validation\RIS_docs\RIS User Documentation\Compute2\LSF to Slurm Translator.md,"Does the translator support LSF commands other than `bsub`, `bjobs`, and `bkill`?"
Monitoring Jobs and Partitions_Queues.md,D:\dt-summer-corp\validation\RIS_docs\RIS User Documentation\Compute2\Monitoring Jobs and Partitions_Queues.md,My job is stuck in a PENDING state. How can I find out why it's not running?
Monitoring Jobs and Partitions_Queues.md,D:\dt-summer-corp\validation\RIS_docs\RIS User Documentation\Compute2\Monitoring Jobs and Partitions_Queues.md,"What are the differences between the `general`, `general-short`, and other partitions, and which one should I use?"
Monitoring Jobs and Partitions_Queues.md,D:\dt-summer-corp\validation\RIS_docs\RIS User Documentation\Compute2\Monitoring Jobs and Partitions_Queues.md,Where can I find the output file for my job after it has completed?
Storage Platforms on Compute2.md,D:\dt-summer-corp\validation\RIS_docs\RIS User Documentation\Compute2\Storage Platforms on Compute2.md,Where can I find information about the available storage platforms?
Storage Platforms on Compute2.md,D:\dt-summer-corp\validation\RIS_docs\RIS User Documentation\Compute2\Storage Platforms on Compute2.md,When is this documentation expected to be complete?
Storage Platforms on Compute2.md,D:\dt-summer-corp\validation\RIS_docs\RIS User Documentation\Compute2\Storage Platforms on Compute2.md,Who can I contact for help with storage options in the meantime?
Transitioning Between slurm and LSF.md,D:\dt-summer-corp\validation\RIS_docs\RIS User Documentation\Compute2\Transitioning Between slurm and LSF.md,How do I translate my slurm memory request (`--mem-per-cpu`) to an LSF memory request (`-M`)? What are the units for the `-M` flag?
Transitioning Between slurm and LSF.md,D:\dt-summer-corp\validation\RIS_docs\RIS User Documentation\Compute2\Transitioning Between slurm and LSF.md,"Is specifying a Docker container with the `-a` flag required for all jobs, or only on Compute1?"
Transitioning Between slurm and LSF.md,D:\dt-summer-corp\validation\RIS_docs\RIS User Documentation\Compute2\Transitioning Between slurm and LSF.md,How can I see a list of available submission queues (`-q`) and compute groups (`-G`) that I can use?
Using Containers on Compute2.md,D:\dt-summer-corp\validation\RIS_docs\RIS User Documentation\Compute2\Using Containers on Compute2.md,How do I run a container on Compute2?
Using Containers on Compute2.md,D:\dt-summer-corp\validation\RIS_docs\RIS User Documentation\Compute2\Using Containers on Compute2.md,"What container technologies, like Docker or Singularity, are supported on Compute2?"
Using Containers on Compute2.md,D:\dt-summer-corp\validation\RIS_docs\RIS User Documentation\Compute2\Using Containers on Compute2.md,Where can I find the current documentation or examples since this page is still being developed?
Using Slurm in Containers.md,D:\dt-summer-corp\validation\RIS_docs\RIS User Documentation\Compute2\Using Slurm in Containers.md,Why is installing Slurm in the container recommended over mounting the host's installation?
Using Slurm in Containers.md,D:\dt-summer-corp\validation\RIS_docs\RIS User Documentation\Compute2\Using Slurm in Containers.md,What happens if the Slurm version in my container doesn't exactly match the host's version?
Using Slurm in Containers.md,D:\dt-summer-corp\validation\RIS_docs\RIS User Documentation\Compute2\Using Slurm in Containers.md,Is it necessary to add the `slurm` user to my container if I'm not the system administrator?
"Docker Basics_ Building, Tagging, & Pushing A Custom Docker Image.md","D:\dt-summer-corp\validation\RIS_docs\RIS User Documentation\Docker\Docker Basics_ Building, Tagging, & Pushing A Custom Docker Image.md",How can I modify this Dockerfile to install different software or a specific version of Python?
"Docker Basics_ Building, Tagging, & Pushing A Custom Docker Image.md","D:\dt-summer-corp\validation\RIS_docs\RIS User Documentation\Docker\Docker Basics_ Building, Tagging, & Pushing A Custom Docker Image.md","Why am I getting an ""access denied"" error when I try to `docker push` my image to Docker Hub?"
"Docker Basics_ Building, Tagging, & Pushing A Custom Docker Image.md","D:\dt-summer-corp\validation\RIS_docs\RIS User Documentation\Docker\Docker Basics_ Building, Tagging, & Pushing A Custom Docker Image.md",What is the advantage of chaining all the `apt-get` commands into a single `RUN` line instead of separating them?
Docker Tutorial.md,D:\dt-summer-corp\validation\RIS_docs\RIS User Documentation\Docker\Docker Tutorial.md,"Do I have to upload my image to a public registry like Docker Hub, or can I use a locally built image directly on the Compute1 platform?"
Docker Tutorial.md,D:\dt-summer-corp\validation\RIS_docs\RIS User Documentation\Docker\Docker Tutorial.md,The example installs software using `apt-get`. How can I add my own scripts or source code from my local machine into the Docker image?
Docker Tutorial.md,D:\dt-summer-corp\validation\RIS_docs\RIS User Documentation\Docker\Docker Tutorial.md,"Why is it necessary to set `LSF_DOCKER_PRESERVE_ENVIRONMENT=false` before running my container, and when might I want to leave it as the default?"
Installing Python Packages In Your Docker Container.md,D:\dt-summer-corp\validation\RIS_docs\RIS User Documentation\Docker\Installing Python Packages In Your Docker Container.md,When should I choose pip over conda for installing packages in my Docker container?
Installing Python Packages In Your Docker Container.md,D:\dt-summer-corp\validation\RIS_docs\RIS User Documentation\Docker\Installing Python Packages In Your Docker Container.md,How do I install non-Python dependencies if I'm using the pip method?
Installing Python Packages In Your Docker Container.md,D:\dt-summer-corp\validation\RIS_docs\RIS User Documentation\Docker\Installing Python Packages In Your Docker Container.md,Why is the final container image so much larger when using conda compared to pip?
Github Enterprise.md,D:\dt-summer-corp\validation\RIS_docs\RIS User Documentation\Research Applications and Services\Github Enterprise.md,"Can I store protected or confidential information, like HIPAA data, in my GitHub repository?"
Github Enterprise.md,D:\dt-summer-corp\validation\RIS_docs\RIS User Documentation\Research Applications and Services\Github Enterprise.md,Is there a cost for me or my lab to use GitHub Copilot?
Github Enterprise.md,D:\dt-summer-corp\validation\RIS_docs\RIS User Documentation\Research Applications and Services\Github Enterprise.md,"I'm an organization owner, but I don't see the option to enable Copilot for my team. What do I need to do?"
LabArchives Notebook.md,D:\dt-summer-corp\validation\RIS_docs\RIS User Documentation\Research Applications and Services\LabArchives Notebook.md,"Do I use my WashU Key to log in, or do I need to create a separate LabArchives account?"
LabArchives Notebook.md,D:\dt-summer-corp\validation\RIS_docs\RIS User Documentation\Research Applications and Services\LabArchives Notebook.md,Is there a cost for WashU members to use the LabArchives ELN?
LabArchives Notebook.md,D:\dt-summer-corp\validation\RIS_docs\RIS User Documentation\Research Applications and Services\LabArchives Notebook.md,Who should I contact for technical support if I run into an issue?
Omero.md,D:\dt-summer-corp\validation\RIS_docs\RIS User Documentation\Research Applications and Services\Omero.md,What are the prerequisites for using the WashU Omero service?
Omero.md,D:\dt-summer-corp\validation\RIS_docs\RIS User Documentation\Research Applications and Services\Omero.md,I've installed the Omero Insight client; how do I configure it to connect to the WashU server?
Omero.md,D:\dt-summer-corp\validation\RIS_docs\RIS User Documentation\Research Applications and Services\Omero.md,Who should I contact for support if I have an error in the Omero application versus a problem logging in?
WashU ELN FAQ.md,D:\dt-summer-corp\validation\RIS_docs\RIS User Documentation\Research Applications and Services\LabArchives Notebook\WashU ELN FAQ.md,What happens to my data and notebooks if I leave WashU?
WashU ELN FAQ.md,D:\dt-summer-corp\validation\RIS_docs\RIS User Documentation\Research Applications and Services\LabArchives Notebook\WashU ELN FAQ.md,Is there a storage limit for my account or notebooks?
WashU ELN FAQ.md,D:\dt-summer-corp\validation\RIS_docs\RIS User Documentation\Research Applications and Services\LabArchives Notebook\WashU ELN FAQ.md,Are there specific configurations I must use to ensure my notebook is HIPAA compliant?
Connecting to Storage from Linux.md,D:\dt-summer-corp\validation\RIS_docs\RIS User Documentation\Storage Platforms\Connecting to Storage from Linux.md,What values should I use for `storageN` and `${VOLUME_NAME}`?
Connecting to Storage from Linux.md,D:\dt-summer-corp\validation\RIS_docs\RIS User Documentation\Storage Platforms\Connecting to Storage from Linux.md,"What is the difference between using `mount` and `smbclient`, and when should I use one over the other?"
Connecting to Storage from Linux.md,D:\dt-summer-corp\validation\RIS_docs\RIS User Documentation\Storage Platforms\Connecting to Storage from Linux.md,How can I make the storage mount automatically every time my computer reboots?
Connecting to Storage from MacOS.md,D:\dt-summer-corp\validation\RIS_docs\RIS User Documentation\Storage Platforms\Connecting to Storage from MacOS.md,What should I use for `storageN` and my `PI WashU Key ID` in the server address?
Connecting to Storage from MacOS.md,D:\dt-summer-corp\validation\RIS_docs\RIS User Documentation\Storage Platforms\Connecting to Storage from MacOS.md,What should I do if I don't have administrative privileges to run the initial setup commands in Terminal?
Connecting to Storage from MacOS.md,D:\dt-summer-corp\validation\RIS_docs\RIS User Documentation\Storage Platforms\Connecting to Storage from MacOS.md,"I followed the steps to make the connection permanent, but it still disappears when I lose my internet connection or asks for my password every time I log in. How can I fix this?"
Connecting to Storage from Windows.md,D:\dt-summer-corp\validation\RIS_docs\RIS User Documentation\Storage Platforms\Connecting to Storage from Windows.md,How do I know whether to use `storage1` or `storage2` in the folder path?
Connecting to Storage from Windows.md,D:\dt-summer-corp\validation\RIS_docs\RIS User Documentation\Storage Platforms\Connecting to Storage from Windows.md,The login window isn't appearing after I entered the path and hit Enter. What should I check?
Connecting to Storage from Windows.md,D:\dt-summer-corp\validation\RIS_docs\RIS User Documentation\Storage Platforms\Connecting to Storage from Windows.md,"Can I map this as a network drive with a drive letter (e.g., Z:) instead of creating a shortcut?"
Moving Data From Google Storage to RIS Storage via gsutil on Compute1.md,D:\dt-summer-corp\validation\RIS_docs\RIS User Documentation\Storage Platforms\Moving Data From Google Storage to RIS Storage via gsutil on Compute1.md,"I'm getting a ""permission denied"" error when I run `gsutil rsync`, even though I logged in successfully. What could be the problem?"
Moving Data From Google Storage to RIS Storage via gsutil on Compute1.md,D:\dt-summer-corp\validation\RIS_docs\RIS User Documentation\Storage Platforms\Moving Data From Google Storage to RIS Storage via gsutil on Compute1.md,Why is it necessary to launch a `bsub` interactive job? Can't I just run the `gsutil` command directly on the login node?
Moving Data From Google Storage to RIS Storage via gsutil on Compute1.md,D:\dt-summer-corp\validation\RIS_docs\RIS User Documentation\Storage Platforms\Moving Data From Google Storage to RIS Storage via gsutil on Compute1.md,"When should I use the parallel transfer option (`-m`), and what kind of errors does the warning refer to?"
Moving Data With Globus CLI.md,D:\dt-summer-corp\validation\RIS_docs\RIS User Documentation\Storage Platforms\Moving Data With Globus CLI.md,How do I find the correct path for my files on the RIS Storage1 endpoint?
Moving Data With Globus CLI.md,D:\dt-summer-corp\validation\RIS_docs\RIS User Documentation\Storage Platforms\Moving Data With Globus CLI.md,The document shows how to find the 'RIS Storage1' endpoint. How can I find the endpoint ID for my local machine?
Moving Data With Globus CLI.md,D:\dt-summer-corp\validation\RIS_docs\RIS User Documentation\Storage Platforms\Moving Data With Globus CLI.md,"After I run the `globus transfer` command, where do I find the task ID to check on its status?"
Moving Data With Globus.md,D:\dt-summer-corp\validation\RIS_docs\RIS User Documentation\Storage Platforms\Moving Data With Globus.md,How do I transfer files between my own computer and the RIS storage?
Moving Data With Globus.md,D:\dt-summer-corp\validation\RIS_docs\RIS User Documentation\Storage Platforms\Moving Data With Globus.md,"I've connected to the `RIS Storage1` collection, but I don't see my data. How do I find my specific storage allocation?"
Moving Data With Globus.md,D:\dt-summer-corp\validation\RIS_docs\RIS User Documentation\Storage Platforms\Moving Data With Globus.md,"My transfer completed successfully, but where can I see a list of all the individual files that were moved?"
Moving Data With Rclone.md,D:\dt-summer-corp\validation\RIS_docs\RIS User Documentation\Storage Platforms\Moving Data With Rclone.md,Why do I have to install and configure rclone on my local machine instead of directly on compute1?
Moving Data With Rclone.md,D:\dt-summer-corp\validation\RIS_docs\RIS User Documentation\Storage Platforms\Moving Data With Rclone.md,"Can I use this guide to connect to other cloud storage providers, like Google Drive or Dropbox, instead of Box?"
Moving Data With Rclone.md,D:\dt-summer-corp\validation\RIS_docs\RIS User Documentation\Storage Platforms\Moving Data With Rclone.md,"After I copy the configuration file to compute1, will the commands for transferring data be the same no matter which operating system (Windows, macOS, etc.) I used for the initial setup?"
Recovering Data From Snapshots.md,D:\dt-summer-corp\validation\RIS_docs\RIS User Documentation\Storage Platforms\Recovering Data From Snapshots.md,Why can't I see the `.snapshots` or `.snapshot` folder in my storage drive?
Recovering Data From Snapshots.md,D:\dt-summer-corp\validation\RIS_docs\RIS User Documentation\Storage Platforms\Recovering Data From Snapshots.md,How far back can I recover data from? How long are old snapshots kept?
Recovering Data From Snapshots.md,D:\dt-summer-corp\validation\RIS_docs\RIS User Documentation\Storage Platforms\Recovering Data From Snapshots.md,Can I use the Globus recovery method for a storage allocation on Storage2?
Storage1 Access Control.md,D:\dt-summer-corp\validation\RIS_docs\RIS User Documentation\Storage Platforms\Storage1 Access Control.md,How do I give a new lab member access to a specific project directory?
Storage1 Access Control.md,D:\dt-summer-corp\validation\RIS_docs\RIS User Documentation\Storage Platforms\Storage1 Access Control.md,"I moved a file between two project directories, but the quota usage looks wrong. Why did this happen?"
Storage1 Access Control.md,D:\dt-summer-corp\validation\RIS_docs\RIS User Documentation\Storage Platforms\Storage1 Access Control.md,Why does `ls -l` show that my directory is owned by 'root' even though I have access to it?
Storage2 Access Control.md,D:\dt-summer-corp\validation\RIS_docs\RIS User Documentation\Storage Platforms\Storage2 Access Control.md,"I see how to view the permissions (ACLs) on my files in Storage2, but how do I change them or give access to a new user?"
Storage2 Access Control.md,D:\dt-summer-corp\validation\RIS_docs\RIS User Documentation\Storage Platforms\Storage2 Access Control.md,What are the specific steps to connect to my Storage2 share from a Windows or macOS computer?
Storage2 Access Control.md,D:\dt-summer-corp\validation\RIS_docs\RIS User Documentation\Storage Platforms\Storage2 Access Control.md,The document warns me not to confuse Storage2 and fs2. What is fs2 and how is it different?
Troubleshooting Connection to the Storage Platforms.md,D:\dt-summer-corp\validation\RIS_docs\RIS User Documentation\Storage Platforms\Troubleshooting Connection to the Storage Platforms.md,What should I use for `storageN` in the command?
Troubleshooting Connection to the Storage Platforms.md,D:\dt-summer-corp\validation\RIS_docs\RIS User Documentation\Storage Platforms\Troubleshooting Connection to the Storage Platforms.md,"My connection test was successful, but I still can't access my files. What should I do now?"
Troubleshooting Connection to the Storage Platforms.md,D:\dt-summer-corp\validation\RIS_docs\RIS User Documentation\Storage Platforms\Troubleshooting Connection to the Storage Platforms.md,Why do I need to contact a different support team if the test fails versus if it succeeds?
Using Globus Connect Personal.md,D:\dt-summer-corp\validation\RIS_docs\RIS User Documentation\Storage Platforms\Using Globus Connect Personal.md,What is the difference between using Globus Connect Personal for my own computer versus using the main `storage1` Globus endpoint?
Using Globus Connect Personal.md,D:\dt-summer-corp\validation\RIS_docs\RIS User Documentation\Storage Platforms\Using Globus Connect Personal.md,"After setting up my endpoint on the compute platform, I can't connect to it. What information from the setup process must I use in the `bsub` run command?"
Using Globus Connect Personal.md,D:\dt-summer-corp\validation\RIS_docs\RIS User Documentation\Storage Platforms\Using Globus Connect Personal.md,"I've added a new folder or external drive to my collection, but I can't transfer files to it. How do I enable write access?"
